{"cameraMode":{"drawMode":0,"name":"Shaded","section":"Shading Mode"},"sceneLighting":false,"audioPlay":false,"sceneViewState":{"showFog":false,"showMaterialUpdate":false,"showSkybox":false,"showFlares":false,"showImageEffects":false,"showParticleSystems":false},"in2DMode":false,"pivot":{"x":481.2572937011719,"y":273.3697509765625,"z":-1.2828521728515626},"rotation":{"x":-0.035945452749729159,"y":0.05094485357403755,"z":0.0018348096637055278,"w":0.9980527758598328},"size":165.00003051757813,"orthographic":false}