{"cameraMode":{"drawMode":0,"name":"Shaded","section":"Shading Mode"},"sceneLighting":true,"audioPlay":false,"sceneViewState":{"showFog":false,"showMaterialUpdate":false,"showSkybox":false,"showFlares":false,"showImageEffects":false,"showParticleSystems":false},"in2DMode":false,"pivot":{"x":-2.5058343410491945,"y":1.8974133729934693,"z":-2.0050840377807619},"rotation":{"x":0.270977646112442,"y":-0.4726655185222626,"z":0.15543444454669953,"w":0.8240164518356323},"size":28.03557586669922,"orthographic":false}