{"cameraMode":{"drawMode":0,"name":"Shaded","section":"Shading Mode"},"sceneLighting":true,"audioPlay":false,"sceneViewState":{"showFog":true,"showMaterialUpdate":false,"showSkybox":true,"showFlares":true,"showImageEffects":true,"showParticleSystems":true},"in2DMode":false,"pivot":{"x":-0.4117699861526489,"y":6.68596887588501,"z":0.0},"rotation":{"x":0.1932339072227478,"y":-0.14015688002109528,"z":0.027900997549295427,"w":0.9706898927688599},"size":17.273765563964845,"orthographic":false}