{"cameraMode":{"drawMode":0,"name":"Shaded","section":"Shading Mode"},"sceneLighting":true,"audioPlay":false,"sceneViewState":{"showFog":true,"showMaterialUpdate":false,"showSkybox":true,"showFlares":true,"showImageEffects":true,"showParticleSystems":true},"in2DMode":false,"pivot":{"x":12.491127967834473,"y":-4.780125617980957,"z":13.778046607971192},"rotation":{"x":0.2259937971830368,"y":0.3332062065601349,"z":-0.08260082453489304,"w":0.9116389751434326},"size":33.689674377441409,"orthographic":false}