{"cameraMode":{"drawMode":0,"name":"Shaded","section":"Shading Mode"},"sceneLighting":false,"audioPlay":false,"sceneViewState":{"showFog":true,"showMaterialUpdate":false,"showSkybox":false,"showFlares":true,"showImageEffects":true,"showParticleSystems":true},"in2DMode":false,"pivot":{"x":0.006311774253845215,"y":2.5731115341186525,"z":-0.39920520782470705},"rotation":{"x":-0.19675062596797944,"y":0.05056345835328102,"z":-0.010160911828279496,"w":-0.9790980815887451},"size":16.098936080932618,"orthographic":false}