{"cameraMode":{"drawMode":0,"name":"Shaded","section":"Shading Mode"},"sceneLighting":true,"audioPlay":false,"sceneViewState":{"showFog":true,"showMaterialUpdate":false,"showSkybox":true,"showFlares":true,"showImageEffects":true,"showParticleSystems":true},"in2DMode":false,"pivot":{"x":332.62249755859377,"y":174.8011474609375,"z":0.0},"rotation":{"x":0.16603900492191316,"y":-0.0026493507903069259,"z":0.0004613910859916359,"w":0.9861295223236084},"size":193.2220916748047,"orthographic":false}